{"camera":{"normal":{"x":0.0,"y":-0.7071067690849304,"z":-0.7071067690849304},"position":{"x":0.0,"y":4.0,"z":4.0}},"default_shader":"a957f4b7-9a66-b841-a878-5440536f3cae","lights":[{"color":{"x":0.5,"y":0.0,"z":0.699999988079071},"position":{"x":0.0,"y":1.0,"z":3.0},"range":4.0},{"color":{"x":0.20000000298023224,"y":0.800000011920929,"z":0.10000000149011612},"position":{"x":1.0,"y":0.0,"z":3.0},"range":4.0},{"color":{"x":1.0,"y":0.20000000298023224,"z":0.10000000149011612},"position":{"x":0.0,"y":1.0,"z":3.0},"range":4.0}],"materials":[{"guid":"f74188d5-004f-2142-86cf-3c93cffe72ca","name":"","shader":"a957f4b7-9a66-b841-a878-5440536f3cae","shininess":8.0,"texture":"d0178737-654a-3440-b2aa-effd1801c28a"},{"guid":"eb175fbd-d7d6-b14d-ace6-2c084a4a331a","name":"","shader":"a957f4b7-9a66-b841-a878-5440536f3cae","shininess":1.0,"texture":"2f8ae7ab-e023-5d4e-b507-554bde1aca8b"},{"guid":"b2cf53fd-7107-324b-bf47-e04b6ad22642","name":"","shader":"a957f4b7-9a66-b841-a878-5440536f3cae","shininess":1.0,"texture":"cccf996e-2ffb-cb4c-9cde-e347f011fdce"}],"objects":[{"guid":"ec92246a-486b-3947-971c-5b642e390609","material":"f74188d5-004f-2142-86cf-3c93cffe72ca","mesh":"90f0ec05-e3e5-9d41-8a4f-bbebdd37f1bd","mesh_params":[{"color":{"w":1.0,"x":1.0,"y":1.0,"z":1.0},"params":{"normal":{"x":0.0,"y":0.0,"z":1.0},"position":{"x":0.0,"y":0.0,"z":0.0},"scale":{"x":10.0,"y":10.0,"z":0.0},"tangent":{"x":1.0,"y":0.0,"z":0.0}},"type":"Plane"}],"name":"Plane","position":{"x":0.0,"y":0.0,"z":0.0},"rotation":{"x":0.0,"y":0.0,"z":0.0},"scale":{"x":1.0,"y":1.0,"z":1.0}},{"guid":"f16f3f07-1260-514d-bd04-1fa9b20db6da","material":"f74188d5-004f-2142-86cf-3c93cffe72ca","mesh":"d8438fb1-2417-784d-a13d-9c48a2f86d94","mesh_params":[{"color":{"w":1.0,"x":1.0,"y":1.0,"z":1.0},"params":{"normal":{"x":0.0,"y":0.0,"z":1.0},"position":{"x":0.0,"y":0.0,"z":0.0},"scale":{"x":0.5,"y":0.5,"z":0.0},"tangent":{"x":1.0,"y":0.0,"z":0.0}},"type":"Plane"}],"name":"Square","position":{"x":0.0,"y":0.0,"z":2.0},"rotation":{"x":0.0,"y":0.0,"z":0.0},"scale":{"x":1.0,"y":1.0,"z":1.0}},{"guid":"16751029-a294-174a-a869-a23c19505a70","material":"eb175fbd-d7d6-b14d-ace6-2c084a4a331a","mesh":"0a1935d2-71a9-ed41-9f73-a32359073dd6","name":"Monkey 1","position":{"x":1.5,"y":0.0,"z":1.0},"rotation":{"x":0.0,"y":0.0,"z":285.9853820800781},"scale":{"x":1.0,"y":1.0,"z":1.0}},{"guid":"c1edb157-4489-c744-b67b-269115fb31ed","material":"eb175fbd-d7d6-b14d-ace6-2c084a4a331a","mesh":"0a1935d2-71a9-ed41-9f73-a32359073dd6","name":"Monkey 2","position":{"x":-1.5,"y":0.0,"z":1.0},"rotation":{"x":0.0,"y":0.0,"z":-105.98548889160156},"scale":{"x":1.0,"y":1.0,"z":1.0}},{"guid":"91599047-bf49-3241-b73b-0942a5253c65","material":"b2cf53fd-7107-324b-bf47-e04b6ad22642","mesh":"0a1935d2-71a9-ed41-9f73-a32359073dd6","name":"Epaph","position":{"x":0.0,"y":-3.049999952316284,"z":2.990000009536743},"rotation":{"x":0.0,"y":0.0,"z":-91.63400268554688},"scale":{"x":0.8899999856948853,"y":1.0299999713897705,"z":0.9900000095367432}}]}